ticker,company_name,market,revenue_period,period_type,revenue,currency,source
2357.TW,華碩,TW,2017-01,monthly,31349355000.0,TWD,https://api.finmindtrade.com/api/v4/data
2376.TW,技嘉,TW,2017-01,monthly,4290828000.0,TWD,https://api.finmindtrade.com/api/v4/data
2377.TW,微星,TW,2017-01,monthly,8461830000.0,TWD,https://api.finmindtrade.com/api/v4/data
2357.TW,華碩,TW,2017-02,monthly,31818440000.0,TWD,https://api.finmindtrade.com/api/v4/data
2376.TW,技嘉,TW,2017-02,monthly,4727475000.0,TWD,https://api.finmindtrade.com/api/v4/data
2377.TW,微星,TW,2017-02,monthly,7301880000.0,TWD,https://api.finmindtrade.com/api/v4/data
2357.TW,華碩,TW,2017-03,monthly,45060017000.0,TWD,https://api.finmindtrade.com/api/v4/data
2376.TW,技嘉,TW,2017-03,monthly,4307229000.0,TWD,https://api.finmindtrade.com/api/v4/data
2377.TW,微星,TW,2017-03,monthly,8786173000.0,TWD,https://api.finmindtrade.com/api/v4/data
2357.TW,華碩,TW,2017-04,monthly,27112850000.0,TWD,https://api.finmindtrade.com/api/v4/data
2376.TW,技嘉,TW,2017-04,monthly,3946498000.0,TWD,https://api.finmindtrade.com/api/v4/data
2377.TW,微星,TW,2017-04,monthly,6443101000.0,TWD,https://api.finmindtrade.com/api/v4/data
AMD,AMD,US,2017-04-01,quarterly,1178000000.0,USD,https://data.sec.gov/api/xbrl/companyfacts/CIK0000002488.json
NVDA,輝達,US,2017-04-30,quarterly,1937000000.0,USD,https://data.sec.gov/api/xbrl/companyfacts/CIK0001045810.json
2357.TW,華碩,TW,2017-05,monthly,31344110000.0,TWD,https://api.finmindtrade.com/api/v4/data
2376.TW,技嘉,TW,2017-05,monthly,4483313000.0,TWD,https://api.finmindtrade.com/api/v4/data
2377.TW,微星,TW,2017-05,monthly,6910854000.0,TWD,https://api.finmindtrade.com/api/v4/data
2357.TW,華碩,TW,2017-06,monthly,38870216000.0,TWD,https://api.finmindtrade.com/api/v4/data
2376.TW,技嘉,TW,2017-06,monthly,5541432000.0,TWD,https://api.finmindtrade.com/api/v4/data
2377.TW,微星,TW,2017-06,monthly,9900400000.0,TWD,https://api.finmindtrade.com/api/v4/data
2357.TW,華碩,TW,2017-07,monthly,31561534000.0,TWD,https://api.finmindtrade.com/api/v4/data
2376.TW,技嘉,TW,2017-07,monthly,5852465000.0,TWD,https://api.finmindtrade.com/api/v4/data
2377.TW,微星,TW,2017-07,monthly,9373696000.0,TWD,https://api.finmindtrade.com/api/v4/data
AMD,AMD,US,2017-07-01,quarterly,1151000000.0,USD,https://data.sec.gov/api/xbrl/companyfacts/CIK0000002488.json
NVDA,輝達,US,2017-07-30,quarterly,2230000000.0,USD,https://data.sec.gov/api/xbrl/companyfacts/CIK0001045810.json
2357.TW,華碩,TW,2017-08,monthly,37809726000.0,TWD,https://api.finmindtrade.com/api/v4/data
2376.TW,技嘉,TW,2017-08,monthly,5505470000.0,TWD,https://api.finmindtrade.com/api/v4/data
2377.TW,微星,TW,2017-08,monthly,9191125000.0,TWD,https://api.finmindtrade.com/api/v4/data
2357.TW,華碩,TW,2017-09,monthly,45108953000.0,TWD,https://api.finmindtrade.com/api/v4/data
2376.TW,技嘉,TW,2017-09,monthly,5699915000.0,TWD,https://api.finmindtrade.com/api/v4/data
2377.TW,微星,TW,2017-09,monthly,10528450000.0,TWD,https://api.finmindtrade.com/api/v4/data
AMD,AMD,US,2017-09-30,quarterly,1584000000.0,USD,https://data.sec.gov/api/xbrl/companyfacts/CIK0000002488.json
2357.TW,華碩,TW,2017-10,monthly,34659511000.0,TWD,https://api.finmindtrade.com/api/v4/data
2376.TW,技嘉,TW,2017-10,monthly,4425334000.0,TWD,https://api.finmindtrade.com/api/v4/data
2377.TW,微星,TW,2017-10,monthly,9667012000.0,TWD,https://api.finmindtrade.com/api/v4/data
NVDA,輝達,US,2017-10-29,quarterly,2636000000.0,USD,https://data.sec.gov/api/xbrl/companyfacts/CIK0001045810.json
2357.TW,華碩,TW,2017-11,monthly,42127724000.0,TWD,https://api.finmindtrade.com/api/v4/data
2376.TW,技嘉,TW,2017-11,monthly,5542848000.0,TWD,https://api.finmindtrade.com/api/v4/data
2377.TW,微星,TW,2017-11,monthly,10425534000.0,TWD,https://api.finmindtrade.com/api/v4/data
2357.TW,華碩,TW,2017-12,monthly,36639377000.0,TWD,https://api.finmindtrade.com/api/v4/data
2376.TW,技嘉,TW,2017-12,monthly,5559752000.0,TWD,https://api.finmindtrade.com/api/v4/data
2377.TW,微星,TW,2017-12,monthly,9429400000.0,TWD,https://api.finmindtrade.com/api/v4/data
AMD,AMD,US,2017-12-30,quarterly,1340000000.0,USD,https://data.sec.gov/api/xbrl/companyfacts/CIK0000002488.json
2357.TW,華碩,TW,2018-01,monthly,31287306000.0,TWD,https://api.finmindtrade.com/api/v4/data
2376.TW,技嘉,TW,2018-01,monthly,7144660000.0,TWD,https://api.finmindtrade.com/api/v4/data
2377.TW,微星,TW,2018-01,monthly,10830591000.0,TWD,https://api.finmindtrade.com/api/v4/data
NVDA,輝達,US,2018-01-28,quarterly,2911000000.0,USD,https://data.sec.gov/api/xbrl/companyfacts/CIK0001045810.json
2357.TW,華碩,TW,2018-02,monthly,26954715000.0,TWD,https://api.finmindtrade.com/api/v4/data
2376.TW,技嘉,TW,2018-02,monthly,4533556000.0,TWD,https://api.finmindtrade.com/api/v4/data
2377.TW,微星,TW,2018-02,monthly,9222929000.0,TWD,https://api.finmindtrade.com/api/v4/data
2357.TW,華碩,TW,2018-03,monthly,40751499000.0,TWD,https://api.finmindtrade.com/api/v4/data
2376.TW,技嘉,TW,2018-03,monthly,8498556000.0,TWD,https://api.finmindtrade.com/api/v4/data
2377.TW,微星,TW,2018-03,monthly,11728674000.0,TWD,https://api.finmindtrade.com/api/v4/data
AMD,AMD,US,2018-03-31,quarterly,1647000000.0,USD,https://data.sec.gov/api/xbrl/companyfacts/CIK0000002488.json
2357.TW,華碩,TW,2018-04,monthly,22897213000.0,TWD,https://api.finmindtrade.com/api/v4/data
2376.TW,技嘉,TW,2018-04,monthly,4999243000.0,TWD,https://api.finmindtrade.com/api/v4/data
2377.TW,微星,TW,2018-04,monthly,9943951000.0,TWD,https://api.finmindtrade.com/api/v4/data
NVDA,輝達,US,2018-04-29,quarterly,3207000000.0,USD,https://data.sec.gov/api/xbrl/companyfacts/CIK0001045810.json
2357.TW,華碩,TW,2018-05,monthly,29004546000.0,TWD,https://api.finmindtrade.com/api/v4/data
2376.TW,技嘉,TW,2018-05,monthly,5354401000.0,TWD,https://api.finmindtrade.com/api/v4/data
2377.TW,微星,TW,2018-05,monthly,9822644000.0,TWD,https://api.finmindtrade.com/api/v4/data
2357.TW,華碩,TW,2018-06,monthly,38535063000.0,TWD,https://api.finmindtrade.com/api/v4/data
2376.TW,技嘉,TW,2018-06,monthly,3819904000.0,TWD,https://api.finmindtrade.com/api/v4/data
2377.TW,微星,TW,2018-06,monthly,8529808000.0,TWD,https://api.finmindtrade.com/api/v4/data
AMD,AMD,US,2018-06-30,quarterly,1756000000.0,USD,https://data.sec.gov/api/xbrl/companyfacts/CIK0000002488.json
2357.TW,華碩,TW,2018-07,monthly,28789526000.0,TWD,https://api.finmindtrade.com/api/v4/data
2376.TW,技嘉,TW,2018-07,monthly,4625846000.0,TWD,https://api.finmindtrade.com/api/v4/data
2377.TW,微星,TW,2018-07,monthly,9234458000.0,TWD,https://api.finmindtrade.com/api/v4/data
NVDA,輝達,US,2018-07-29,quarterly,3123000000.0,USD,https://data.sec.gov/api/xbrl/companyfacts/CIK0001045810.json
2357.TW,華碩,TW,2018-08,monthly,33688131000.0,TWD,https://api.finmindtrade.com/api/v4/data
2376.TW,技嘉,TW,2018-08,monthly,4481252000.0,TWD,https://api.finmindtrade.com/api/v4/data
2377.TW,微星,TW,2018-08,monthly,8914265000.0,TWD,https://api.finmindtrade.com/api/v4/data
2357.TW,華碩,TW,2018-09,monthly,40205040000.0,TWD,https://api.finmindtrade.com/api/v4/data
2376.TW,技嘉,TW,2018-09,monthly,4517819000.0,TWD,https://api.finmindtrade.com/api/v4/data
2377.TW,微星,TW,2018-09,monthly,10548373000.0,TWD,https://api.finmindtrade.com/api/v4/data
AMD,AMD,US,2018-09-29,quarterly,1653000000.0,USD,https://data.sec.gov/api/xbrl/companyfacts/CIK0000002488.json
2357.TW,華碩,TW,2018-10,monthly,31094507000.0,TWD,https://api.finmindtrade.com/api/v4/data
2376.TW,技嘉,TW,2018-10,monthly,5007557000.0,TWD,https://api.finmindtrade.com/api/v4/data
2377.TW,微星,TW,2018-10,monthly,11788451000.0,TWD,https://api.finmindtrade.com/api/v4/data
NVDA,輝達,US,2018-10-28,quarterly,3181000000.0,USD,https://data.sec.gov/api/xbrl/companyfacts/CIK0001045810.json
2357.TW,華碩,TW,2018-11,monthly,34716766000.0,TWD,https://api.finmindtrade.com/api/v4/data
2376.TW,技嘉,TW,2018-11,monthly,4750023000.0,TWD,https://api.finmindtrade.com/api/v4/data
2377.TW,微星,TW,2018-11,monthly,10528779000.0,TWD,https://api.finmindtrade.com/api/v4/data
2357.TW,華碩,TW,2018-12,monthly,33634864000.0,TWD,https://api.finmindtrade.com/api/v4/data
2376.TW,技嘉,TW,2018-12,monthly,3206046000.0,TWD,https://api.finmindtrade.com/api/v4/data
2377.TW,微星,TW,2018-12,monthly,7447152000.0,TWD,https://api.finmindtrade.com/api/v4/data
AMD,AMD,US,2018-12-29,quarterly,1419000000.0,USD,https://data.sec.gov/api/xbrl/companyfacts/CIK0000002488.json
2357.TW,華碩,TW,2019-01,monthly,26162960000.0,TWD,https://api.finmindtrade.com/api/v4/data
2376.TW,技嘉,TW,2019-01,monthly,5362092000.0,TWD,https://api.finmindtrade.com/api/v4/data
2377.TW,微星,TW,2019-01,monthly,10833587000.0,TWD,https://api.finmindtrade.com/api/v4/data
NVDA,輝達,US,2019-01-27,quarterly,2205000000.0,USD,https://data.sec.gov/api/xbrl/companyfacts/CIK0001045810.json
2357.TW,華碩,TW,2019-02,monthly,21533981000.0,TWD,https://api.finmindtrade.com/api/v4/data
2376.TW,技嘉,TW,2019-02,monthly,3815556000.0,TWD,https://api.finmindtrade.com/api/v4/data
2377.TW,微星,TW,2019-02,monthly,8246480000.0,TWD,https://api.finmindtrade.com/api/v4/data
2357.TW,華碩,TW,2019-03,monthly,38172856000.0,TWD,https://api.finmindtrade.com/api/v4/data
2376.TW,技嘉,TW,2019-03,monthly,6853503000.0,TWD,https://api.finmindtrade.com/api/v4/data
2377.TW,微星,TW,2019-03,monthly,10407854000.0,TWD,https://api.finmindtrade.com/api/v4/data
AMD,AMD,US,2019-03-30,quarterly,1272000000.0,USD,https://data.sec.gov/api/xbrl/companyfacts/CIK0000002488.json
2357.TW,華碩,TW,2019-04,monthly,19995426000.0,TWD,https://api.finmindtrade.com/api/v4/data
2376.TW,技嘉,TW,2019-04,monthly,4386381000.0,TWD,https://api.finmindtrade.com/api/v4/data
2377.TW,微星,TW,2019-04,monthly,8539331000.0,TWD,https://api.finmindtrade.com/api/v4/data
NVDA,輝達,US,2019-04-28,quarterly,2220000000.0,USD,https://data.sec.gov/api/xbrl/companyfacts/CIK0001045810.json
2357.TW,華碩,TW,2019-05,monthly,23382991000.0,TWD,https://api.finmindtrade.com/api/v4/data
2376.TW,技嘉,TW,2019-05,monthly,4231955000.0,TWD,https://api.finmindtrade.com/api/v4/data
2377.TW,微星,TW,2019-05,monthly,9037738000.0,TWD,https://api.finmindtrade.com/api/v4/data
2357.TW,華碩,TW,2019-06,monthly,30795457000.0,TWD,https://api.finmindtrade.com/api/v4/data
2376.TW,技嘉,TW,2019-06,monthly,3689929000.0,TWD,https://api.finmindtrade.com/api/v4/data
2377.TW,微星,TW,2019-06,monthly,8567063000.0,TWD,https://api.finmindtrade.com/api/v4/data
AMD,AMD,US,2019-06-29,quarterly,1531000000.0,USD,https://data.sec.gov/api/xbrl/companyfacts/CIK0000002488.json
2357.TW,華碩,TW,2019-07,monthly,25528608000.0,TWD,https://api.finmindtrade.com/api/v4/data
2376.TW,技嘉,TW,2019-07,monthly,5856401000.0,TWD,https://api.finmindtrade.com/api/v4/data
2377.TW,微星,TW,2019-07,monthly,9759289000.0,TWD,https://api.finmindtrade.com/api/v4/data
NVDA,輝達,US,2019-07-28,quarterly,2579000000.0,USD,https://data.sec.gov/api/xbrl/companyfacts/CIK0001045810.json
2357.TW,華碩,TW,2019-08,monthly,30642655000.0,TWD,https://api.finmindtrade.com/api/v4/data
2376.TW,技嘉,TW,2019-08,monthly,6147281000.0,TWD,https://api.finmindtrade.com/api/v4/data
2377.TW,微星,TW,2019-08,monthly,11333820000.0,TWD,https://api.finmindtrade.com/api/v4/data
2357.TW,華碩,TW,2019-09,monthly,37778235000.0,TWD,https://api.finmindtrade.com/api/v4/data
2376.TW,技嘉,TW,2019-09,monthly,5664159000.0,TWD,https://api.finmindtrade.com/api/v4/data
2377.TW,微星,TW,2019-09,monthly,11720989000.0,TWD,https://api.finmindtrade.com/api/v4/data
AMD,AMD,US,2019-09-28,quarterly,1801000000.0,USD,https://data.sec.gov/api/xbrl/companyfacts/CIK0000002488.json
2357.TW,華碩,TW,2019-10,monthly,29928417000.0,TWD,https://api.finmindtrade.com/api/v4/data
2376.TW,技嘉,TW,2019-10,monthly,5780294000.0,TWD,https://api.finmindtrade.com/api/v4/data
2377.TW,微星,TW,2019-10,monthly,11810866000.0,TWD,https://api.finmindtrade.com/api/v4/data
NVDA,輝達,US,2019-10-27,quarterly,3014000000.0,USD,https://data.sec.gov/api/xbrl/companyfacts/CIK0001045810.json
2357.TW,華碩,TW,2019-11,monthly,34605083000.0,TWD,https://api.finmindtrade.com/api/v4/data
2376.TW,技嘉,TW,2019-11,monthly,5273809000.0,TWD,https://api.finmindtrade.com/api/v4/data
2377.TW,微星,TW,2019-11,monthly,11143632000.0,TWD,https://api.finmindtrade.com/api/v4/data
2357.TW,華碩,TW,2019-12,monthly,32741563000.0,TWD,https://api.finmindtrade.com/api/v4/data
2376.TW,技嘉,TW,2019-12,monthly,4753802000.0,TWD,https://api.finmindtrade.com/api/v4/data
2377.TW,微星,TW,2019-12,monthly,9090257000.0,TWD,https://api.finmindtrade.com/api/v4/data
AMD,AMD,US,2019-12-28,quarterly,2127000000.0,USD,https://data.sec.gov/api/xbrl/companyfacts/CIK0000002488.json
2357.TW,華碩,TW,2020-01,monthly,23201678000.0,TWD,https://api.finmindtrade.com/api/v4/data
2376.TW,技嘉,TW,2020-01,monthly,6254698000.0,TWD,https://api.finmindtrade.com/api/v4/data
2377.TW,微星,TW,2020-01,monthly,10065900000.0,TWD,https://api.finmindtrade.com/api/v4/data
NVDA,輝達,US,2020-01-26,quarterly,3105000000.0,USD,https://data.sec.gov/api/xbrl/companyfacts/CIK0001045810.json
2357.TW,華碩,TW,2020-02,monthly,21284856000.0,TWD,https://api.finmindtrade.com/api/v4/data
2376.TW,技嘉,TW,2020-02,monthly,4668398000.0,TWD,https://api.finmindtrade.com/api/v4/data
2377.TW,微星,TW,2020-02,monthly,8129812000.0,TWD,https://api.finmindtrade.com/api/v4/data
2357.TW,華碩,TW,2020-03,monthly,26361024000.0,TWD,https://api.finmindtrade.com/api/v4/data
2376.TW,技嘉,TW,2020-03,monthly,6310689000.0,TWD,https://api.finmindtrade.com/api/v4/data
2377.TW,微星,TW,2020-03,monthly,10307830000.0,TWD,https://api.finmindtrade.com/api/v4/data
AMD,AMD,US,2020-03-28,quarterly,1786000000.0,USD,https://data.sec.gov/api/xbrl/companyfacts/CIK0000002488.json
2357.TW,華碩,TW,2020-04,monthly,22735388000.0,TWD,https://api.finmindtrade.com/api/v4/data
2376.TW,技嘉,TW,2020-04,monthly,6165821000.0,TWD,https://api.finmindtrade.com/api/v4/data
2377.TW,微星,TW,2020-04,monthly,10608256000.0,TWD,https://api.finmindtrade.com/api/v4/data
2357.TW,華碩,TW,2020-05,monthly,30170871000.0,TWD,https://api.finmindtrade.com/api/v4/data
2376.TW,技嘉,TW,2020-05,monthly,7633696000.0,TWD,https://api.finmindtrade.com/api/v4/data
2377.TW,微星,TW,2020-05,monthly,10949799000.0,TWD,https://api.finmindtrade.com/api/v4/data
2357.TW,華碩,TW,2020-06,monthly,39367941000.0,TWD,https://api.finmindtrade.com/api/v4/data
2376.TW,技嘉,TW,2020-06,monthly,7109860000.0,TWD,https://api.finmindtrade.com/api/v4/data
2377.TW,微星,TW,2020-06,monthly,13779635000.0,TWD,https://api.finmindtrade.com/api/v4/data
AMD,AMD,US,2020-06-27,quarterly,1932000000.0,USD,https://data.sec.gov/api/xbrl/companyfacts/CIK0000002488.json
2357.TW,華碩,TW,2020-07,monthly,37141186000.0,TWD,https://api.finmindtrade.com/api/v4/data
2376.TW,技嘉,TW,2020-07,monthly,8099005000.0,TWD,https://api.finmindtrade.com/api/v4/data
2377.TW,微星,TW,2020-07,monthly,13840272000.0,TWD,https://api.finmindtrade.com/api/v4/data
2357.TW,華碩,TW,2020-08,monthly,43239629000.0,TWD,https://api.finmindtrade.com/api/v4/data
2376.TW,技嘉,TW,2020-08,monthly,6964531000.0,TWD,https://api.finmindtrade.com/api/v4/data
2377.TW,微星,TW,2020-08,monthly,13275096000.0,TWD,https://api.finmindtrade.com/api/v4/data
2357.TW,華碩,TW,2020-09,monthly,47041752000.0,TWD,https://api.finmindtrade.com/api/v4/data
2376.TW,技嘉,TW,2020-09,monthly,7931867000.0,TWD,https://api.finmindtrade.com/api/v4/data
2377.TW,微星,TW,2020-09,monthly,13640345000.0,TWD,https://api.finmindtrade.com/api/v4/data
AMD,AMD,US,2020-09-26,quarterly,2801000000.0,USD,https://data.sec.gov/api/xbrl/companyfacts/CIK0000002488.json
2357.TW,華碩,TW,2020-10,monthly,39603348000.0,TWD,https://api.finmindtrade.com/api/v4/data
2376.TW,技嘉,TW,2020-10,monthly,7358828000.0,TWD,https://api.finmindtrade.com/api/v4/data
2377.TW,微星,TW,2020-10,monthly,13838851000.0,TWD,https://api.finmindtrade.com/api/v4/data
2357.TW,華碩,TW,2020-11,monthly,39748738000.0,TWD,https://api.finmindtrade.com/api/v4/data
2376.TW,技嘉,TW,2020-11,monthly,9400828000.0,TWD,https://api.finmindtrade.com/api/v4/data
2377.TW,微星,TW,2020-11,monthly,15612071000.0,TWD,https://api.finmindtrade.com/api/v4/data
2357.TW,華碩,TW,2020-12,monthly,42970648000.0,TWD,https://api.finmindtrade.com/api/v4/data
2376.TW,技嘉,TW,2020-12,monthly,6693998000.0,TWD,https://api.finmindtrade.com/api/v4/data
2377.TW,微星,TW,2020-12,monthly,12454321000.0,TWD,https://api.finmindtrade.com/api/v4/data
AMD,AMD,US,2020-12-26,quarterly,3244000000.0,USD,https://data.sec.gov/api/xbrl/companyfacts/CIK0000002488.json
2357.TW,華碩,TW,2021-01,monthly,36724581000.0,TWD,https://api.finmindtrade.com/api/v4/data
2376.TW,技嘉,TW,2021-01,monthly,10386245000.0,TWD,https://api.finmindtrade.com/api/v4/data
2377.TW,微星,TW,2021-01,monthly,17022930000.0,TWD,https://api.finmindtrade.com/api/v4/data
2357.TW,華碩,TW,2021-02,monthly,33535728000.0,TWD,https://api.finmindtrade.com/api/v4/data
2376.TW,技嘉,TW,2021-02,monthly,6969450000.0,TWD,https://api.finmindtrade.com/api/v4/data
2377.TW,微星,TW,2021-02,monthly,13256069000.0,TWD,https://api.finmindtrade.com/api/v4/data
2357.TW,華碩,TW,2021-03,monthly,45901778000.0,TWD,https://api.finmindtrade.com/api/v4/data
2376.TW,技嘉,TW,2021-03,monthly,11009777000.0,TWD,https://api.finmindtrade.com/api/v4/data
2377.TW,微星,TW,2021-03,monthly,17725961000.0,TWD,https://api.finmindtrade.com/api/v4/data
AMD,AMD,US,2021-03-27,quarterly,3445000000.0,USD,https://data.sec.gov/api/xbrl/companyfacts/CIK0000002488.json
2357.TW,華碩,TW,2021-04,monthly,39139014000.0,TWD,https://api.finmindtrade.com/api/v4/data
2376.TW,技嘉,TW,2021-04,monthly,11047434000.0,TWD,https://api.finmindtrade.com/api/v4/data
2377.TW,微星,TW,2021-04,monthly,15077434000.0,TWD,https://api.finmindtrade.com/api/v4/data
2357.TW,華碩,TW,2021-05,monthly,40995436000.0,TWD,https://api.finmindtrade.com/api/v4/data
2376.TW,技嘉,TW,2021-05,monthly,11601877000.0,TWD,https://api.finmindtrade.com/api/v4/data
2377.TW,微星,TW,2021-05,monthly,15674299000.0,TWD,https://api.finmindtrade.com/api/v4/data
2357.TW,華碩,TW,2021-06,monthly,47945921000.0,TWD,https://api.finmindtrade.com/api/v4/data
2376.TW,技嘉,TW,2021-06,monthly,9134400000.0,TWD,https://api.finmindtrade.com/api/v4/data
2377.TW,微星,TW,2021-06,monthly,15570323000.0,TWD,https://api.finmindtrade.com/api/v4/data
AMD,AMD,US,2021-06-26,quarterly,3850000000.0,USD,https://data.sec.gov/api/xbrl/companyfacts/CIK0000002488.json
2357.TW,華碩,TW,2021-07,monthly,37573755000.0,TWD,https://api.finmindtrade.com/api/v4/data
2376.TW,技嘉,TW,2021-07,monthly,8217667000.0,TWD,https://api.finmindtrade.com/api/v4/data
2377.TW,微星,TW,2021-07,monthly,14524825000.0,TWD,https://api.finmindtrade.com/api/v4/data
2357.TW,華碩,TW,2021-08,monthly,45468278000.0,TWD,https://api.finmindtrade.com/api/v4/data
2376.TW,技嘉,TW,2021-08,monthly,10340451000.0,TWD,https://api.finmindtrade.com/api/v4/data
2377.TW,微星,TW,2021-08,monthly,18478966000.0,TWD,https://api.finmindtrade.com/api/v4/data
2357.TW,華碩,TW,2021-09,monthly,56051076000.0,TWD,https://api.finmindtrade.com/api/v4/data
2376.TW,技嘉,TW,2021-09,monthly,12747208000.0,TWD,https://api.finmindtrade.com/api/v4/data
2377.TW,微星,TW,2021-09,monthly,19203131000.0,TWD,https://api.finmindtrade.com/api/v4/data
AMD,AMD,US,2021-09-25,quarterly,4313000000.0,USD,https://data.sec.gov/api/xbrl/companyfacts/CIK0000002488.json
2357.TW,華碩,TW,2021-10,monthly,44987950000.0,TWD,https://api.finmindtrade.com/api/v4/data
2376.TW,技嘉,TW,2021-10,monthly,10924392000.0,TWD,https://api.finmindtrade.com/api/v4/data
2377.TW,微星,TW,2021-10,monthly,19925373000.0,TWD,https://api.finmindtrade.com/api/v4/data
2357.TW,華碩,TW,2021-11,monthly,55173366000.0,TWD,https://api.finmindtrade.com/api/v4/data
2376.TW,技嘉,TW,2021-11,monthly,11835437000.0,TWD,https://api.finmindtrade.com/api/v4/data
2377.TW,微星,TW,2021-11,monthly,19841796000.0,TWD,https://api.finmindtrade.com/api/v4/data
2357.TW,華碩,TW,2021-12,monthly,51475119000.0,TWD,https://api.finmindtrade.com/api/v4/data
2376.TW,技嘉,TW,2021-12,monthly,7695562000.0,TWD,https://api.finmindtrade.com/api/v4/data
2377.TW,微星,TW,2021-12,monthly,15508581000.0,TWD,https://api.finmindtrade.com/api/v4/data
2357.TW,華碩,TW,2022-01,monthly,43155373000.0,TWD,https://api.finmindtrade.com/api/v4/data
2376.TW,技嘉,TW,2022-01,monthly,14205060000.0,TWD,https://api.finmindtrade.com/api/v4/data
2377.TW,微星,TW,2022-01,monthly,20386768000.0,TWD,https://api.finmindtrade.com/api/v4/data
2357.TW,華碩,TW,2022-02,monthly,40233908000.0,TWD,https://api.finmindtrade.com/api/v4/data
2376.TW,技嘉,TW,2022-02,monthly,8896060000.0,TWD,https://api.finmindtrade.com/api/v4/data
2377.TW,微星,TW,2022-02,monthly,14870306000.0,TWD,https://api.finmindtrade.com/api/v4/data
2357.TW,華碩,TW,2022-03,monthly,55033532000.0,TWD,https://api.finmindtrade.com/api/v4/data
2376.TW,技嘉,TW,2022-03,monthly,9500937000.0,TWD,https://api.finmindtrade.com/api/v4/data
2377.TW,微星,TW,2022-03,monthly,17781712000.0,TWD,https://api.finmindtrade.com/api/v4/data
AMD,AMD,US,2022-03-26,quarterly,5887000000.0,USD,https://data.sec.gov/api/xbrl/companyfacts/CIK0000002488.json
2357.TW,華碩,TW,2022-04,monthly,33389173000.0,TWD,https://api.finmindtrade.com/api/v4/data
2376.TW,技嘉,TW,2022-04,monthly,7626462000.0,TWD,https://api.finmindtrade.com/api/v4/data
2377.TW,微星,TW,2022-04,monthly,15608092000.0,TWD,https://api.finmindtrade.com/api/v4/data
2357.TW,華碩,TW,2022-05,monthly,38083971000.0,TWD,https://api.finmindtrade.com/api/v4/data
2376.TW,技嘉,TW,2022-05,monthly,6840822000.0,TWD,https://api.finmindtrade.com/api/v4/data
2377.TW,微星,TW,2022-05,monthly,15909845000.0,TWD,https://api.finmindtrade.com/api/v4/data
2357.TW,華碩,TW,2022-06,monthly,55449083000.0,TWD,https://api.finmindtrade.com/api/v4/data
2376.TW,技嘉,TW,2022-06,monthly,8194426000.0,TWD,https://api.finmindtrade.com/api/v4/data
2377.TW,微星,TW,2022-06,monthly,16497922000.0,TWD,https://api.finmindtrade.com/api/v4/data
AMD,AMD,US,2022-06-25,quarterly,6550000000.0,USD,https://data.sec.gov/api/xbrl/companyfacts/CIK0000002488.json
2357.TW,華碩,TW,2022-07,monthly,36753188000.0,TWD,https://api.finmindtrade.com/api/v4/data
2376.TW,技嘉,TW,2022-07,monthly,7435303000.0,TWD,https://api.finmindtrade.com/api/v4/data
2377.TW,微星,TW,2022-07,monthly,13011506000.0,TWD,https://api.finmindtrade.com/api/v4/data
2357.TW,華碩,TW,2022-08,monthly,48226687000.0,TWD,https://api.finmindtrade.com/api/v4/data
2376.TW,技嘉,TW,2022-08,monthly,7896900000.0,TWD,https://api.finmindtrade.com/api/v4/data
2377.TW,微星,TW,2022-08,monthly,12564059000.0,TWD,https://api.finmindtrade.com/api/v4/data
2376.TW,技嘉,TW,2022-09,monthly,8767701000.0,TWD,https://api.finmindtrade.com/api/v4/data
2377.TW,微星,TW,2022-09,monthly,12990682000.0,TWD,https://api.finmindtrade.com/api/v4/data
AMD,AMD,US,2022-09-24,quarterly,5565000000.0,USD,https://data.sec.gov/api/xbrl/companyfacts/CIK0000002488.json
2376.TW,技嘉,TW,2022-10,monthly,8214578000.0,TWD,https://api.finmindtrade.com/api/v4/data
2377.TW,微星,TW,2022-10,monthly,13653812000.0,TWD,https://api.finmindtrade.com/api/v4/data
2376.TW,技嘉,TW,2022-11,monthly,10861177000.0,TWD,https://api.finmindtrade.com/api/v4/data
2377.TW,微星,TW,2022-11,monthly,14846623000.0,TWD,https://api.finmindtrade.com/api/v4/data
2376.TW,技嘉,TW,2022-12,monthly,8772357000.0,TWD,https://api.finmindtrade.com/api/v4/data
2377.TW,微星,TW,2022-12,monthly,12289620000.0,TWD,https://api.finmindtrade.com/api/v4/data
2376.TW,技嘉,TW,2023-01,monthly,8219614000.0,TWD,https://api.finmindtrade.com/api/v4/data
2377.TW,微星,TW,2023-01,monthly,13156226000.0,TWD,https://api.finmindtrade.com/api/v4/data
2376.TW,技嘉,TW,2023-02,monthly,10088975000.0,TWD,https://api.finmindtrade.com/api/v4/data
2377.TW,微星,TW,2023-02,monthly,14111271000.0,TWD,https://api.finmindtrade.com/api/v4/data
2376.TW,技嘉,TW,2023-03,monthly,9733565000.0,TWD,https://api.finmindtrade.com/api/v4/data
2377.TW,微星,TW,2023-03,monthly,16333250000.0,TWD,https://api.finmindtrade.com/api/v4/data
2376.TW,技嘉,TW,2023-04,monthly,7303724000.0,TWD,https://api.finmindtrade.com/api/v4/data
2377.TW,微星,TW,2023-04,monthly,13109949000.0,TWD,https://api.finmindtrade.com/api/v4/data
AMD,AMD,US,2023-04-01,quarterly,5353000000.0,USD,https://data.sec.gov/api/xbrl/companyfacts/CIK0000002488.json
2376.TW,技嘉,TW,2023-05,monthly,9477940000.0,TWD,https://api.finmindtrade.com/api/v4/data
2377.TW,微星,TW,2023-05,monthly,13859134000.0,TWD,https://api.finmindtrade.com/api/v4/data
2376.TW,技嘉,TW,2023-06,monthly,9644629000.0,TWD,https://api.finmindtrade.com/api/v4/data
2377.TW,微星,TW,2023-06,monthly,14322708000.0,TWD,https://api.finmindtrade.com/api/v4/data
2376.TW,技嘉,TW,2023-07,monthly,8691762000.0,TWD,https://api.finmindtrade.com/api/v4/data
2377.TW,微星,TW,2023-07,monthly,13914288000.0,TWD,https://api.finmindtrade.com/api/v4/data
AMD,AMD,US,2023-07-01,quarterly,5359000000.0,USD,https://data.sec.gov/api/xbrl/companyfacts/CIK0000002488.json
2376.TW,技嘉,TW,2023-08,monthly,11937368000.0,TWD,https://api.finmindtrade.com/api/v4/data
2377.TW,微星,TW,2023-08,monthly,16893813000.0,TWD,https://api.finmindtrade.com/api/v4/data
2376.TW,技嘉,TW,2023-09,monthly,16271282000.0,TWD,https://api.finmindtrade.com/api/v4/data
2377.TW,微星,TW,2023-09,monthly,18110067000.0,TWD,https://api.finmindtrade.com/api/v4/data
AMD,AMD,US,2023-09-30,quarterly,5800000000.0,USD,https://data.sec.gov/api/xbrl/companyfacts/CIK0000002488.json
2376.TW,技嘉,TW,2023-10,monthly,16764958000.0,TWD,https://api.finmindtrade.com/api/v4/data
2377.TW,微星,TW,2023-10,monthly,19147888000.0,TWD,https://api.finmindtrade.com/api/v4/data
2376.TW,技嘉,TW,2023-11,monthly,15915793000.0,TWD,https://api.finmindtrade.com/api/v4/data
2377.TW,微星,TW,2023-11,monthly,18064202000.0,TWD,https://api.finmindtrade.com/api/v4/data
2376.TW,技嘉,TW,2023-12,monthly,12845855000.0,TWD,https://api.finmindtrade.com/api/v4/data
2377.TW,微星,TW,2023-12,monthly,11942671000.0,TWD,https://api.finmindtrade.com/api/v4/data
2376.TW,技嘉,TW,2024-01,monthly,16930021000.0,TWD,https://api.finmindtrade.com/api/v4/data
2377.TW,微星,TW,2024-01,monthly,16392833000.0,TWD,https://api.finmindtrade.com/api/v4/data
2376.TW,技嘉,TW,2024-02,monthly,13968881000.0,TWD,https://api.finmindtrade.com/api/v4/data
2377.TW,微星,TW,2024-02,monthly,14819035000.0,TWD,https://api.finmindtrade.com/api/v4/data
2376.TW,技嘉,TW,2024-03,monthly,24253194000.0,TWD,https://api.finmindtrade.com/api/v4/data
2377.TW,微星,TW,2024-03,monthly,16414666000.0,TWD,https://api.finmindtrade.com/api/v4/data
AMD,AMD,US,2024-03-30,quarterly,5473000000.0,USD,https://data.sec.gov/api/xbrl/companyfacts/CIK0000002488.json
2376.TW,技嘉,TW,2024-04,monthly,28523875000.0,TWD,https://api.finmindtrade.com/api/v4/data
2377.TW,微星,TW,2024-04,monthly,16405977000.0,TWD,https://api.finmindtrade.com/api/v4/data
2376.TW,技嘉,TW,2024-05,monthly,22477138000.0,TWD,https://api.finmindtrade.com/api/v4/data
2377.TW,微星,TW,2024-05,monthly,15557010000.0,TWD,https://api.finmindtrade.com/api/v4/data
2376.TW,技嘉,TW,2024-06,monthly,22932130000.0,TWD,https://api.finmindtrade.com/api/v4/data
2377.TW,微星,TW,2024-06,monthly,14709037000.0,TWD,https://api.finmindtrade.com/api/v4/data
AMD,AMD,US,2024-06-29,quarterly,5835000000.0,USD,https://data.sec.gov/api/xbrl/companyfacts/CIK0000002488.json
2376.TW,技嘉,TW,2024-07,monthly,19035807000.0,TWD,https://api.finmindtrade.com/api/v4/data
2377.TW,微星,TW,2024-07,monthly,15853346000.0,TWD,https://api.finmindtrade.com/api/v4/data
2376.TW,技嘉,TW,2024-08,monthly,24662927000.0,TWD,https://api.finmindtrade.com/api/v4/data
2377.TW,微星,TW,2024-08,monthly,16422915000.0,TWD,https://api.finmindtrade.com/api/v4/data
2376.TW,技嘉,TW,2024-09,monthly,26735874000.0,TWD,https://api.finmindtrade.com/api/v4/data
2377.TW,微星,TW,2024-09,monthly,19810278000.0,TWD,https://api.finmindtrade.com/api/v4/data
AMD,AMD,US,2024-09-28,quarterly,6819000000.0,USD,https://data.sec.gov/api/xbrl/companyfacts/CIK0000002488.json
2376.TW,技嘉,TW,2024-10,monthly,25771684000.0,TWD,https://api.finmindtrade.com/api/v4/data
2377.TW,微星,TW,2024-10,monthly,20066245000.0,TWD,https://api.finmindtrade.com/api/v4/data
2376.TW,技嘉,TW,2024-11,monthly,22242930000.0,TWD,https://api.finmindtrade.com/api/v4/data
2377.TW,微星,TW,2024-11,monthly,18827063000.0,TWD,https://api.finmindtrade.com/api/v4/data
2376.TW,技嘉,TW,2024-12,monthly,17597178000.0,TWD,https://api.finmindtrade.com/api/v4/data
2377.TW,微星,TW,2024-12,monthly,12593345000.0,TWD,https://api.finmindtrade.com/api/v4/data
2376.TW,技嘉,TW,2025-01,monthly,21091561000.0,TWD,https://api.finmindtrade.com/api/v4/data
2377.TW,微星,TW,2025-01,monthly,16654367000.0,TWD,https://api.finmindtrade.com/api/v4/data
2376.TW,技嘉,TW,2025-02,monthly,22326218000.0,TWD,https://api.finmindtrade.com/api/v4/data
2377.TW,微星,TW,2025-02,monthly,16622598000.0,TWD,https://api.finmindtrade.com/api/v4/data
2376.TW,技嘉,TW,2025-03,monthly,22322801000.0,TWD,https://api.finmindtrade.com/api/v4/data
2377.TW,微星,TW,2025-03,monthly,20263385000.0,TWD,https://api.finmindtrade.com/api/v4/data
AMD,AMD,US,2025-03-29,quarterly,7438000000.0,USD,https://data.sec.gov/api/xbrl/companyfacts/CIK0000002488.json
2376.TW,技嘉,TW,2025-04,monthly,30098100000.0,TWD,https://api.finmindtrade.com/api/v4/data
2377.TW,微星,TW,2025-04,monthly,21041154000.0,TWD,https://api.finmindtrade.com/api/v4/data
2376.TW,技嘉,TW,2025-05,monthly,46728346000.0,TWD,https://api.finmindtrade.com/api/v4/data
2377.TW,微星,TW,2025-05,monthly,20714566000.0,TWD,https://api.finmindtrade.com/api/v4/data
2376.TW,技嘉,TW,2025-06,monthly,25447702000.0,TWD,https://api.finmindtrade.com/api/v4/data
2377.TW,微星,TW,2025-06,monthly,19560912000.0,TWD,https://api.finmindtrade.com/api/v4/data
AMD,AMD,US,2025-06-28,quarterly,7685000000.0,USD,https://data.sec.gov/api/xbrl/companyfacts/CIK0000002488.json
2376.TW,技嘉,TW,2025-07,monthly,27690083000.0,TWD,https://api.finmindtrade.com/api/v4/data
2377.TW,微星,TW,2025-07,monthly,19346145000.0,TWD,https://api.finmindtrade.com/api/v4/data
2376.TW,技嘉,TW,2025-08,monthly,23888296000.0,TWD,https://api.finmindtrade.com/api/v4/data
2377.TW,微星,TW,2025-08,monthly,18834279000.0,TWD,https://api.finmindtrade.com/api/v4/data
2376.TW,技嘉,TW,2025-09,monthly,27988237000.0,TWD,https://api.finmindtrade.com/api/v4/data
2377.TW,微星,TW,2025-09,monthly,19551665000.0,TWD,https://api.finmindtrade.com/api/v4/data
AMD,AMD,US,2025-09-27,quarterly,9246000000.0,USD,https://data.sec.gov/api/xbrl/companyfacts/CIK0000002488.json
2376.TW,技嘉,TW,2025-10,monthly,28318245000.0,TWD,https://api.finmindtrade.com/api/v4/data
2377.TW,微星,TW,2025-10,monthly,20624113000.0,TWD,https://api.finmindtrade.com/api/v4/data
2376.TW,技嘉,TW,2025-11,monthly,30729748000.0,TWD,https://api.finmindtrade.com/api/v4/data
2377.TW,微星,TW,2025-11,monthly,20118435000.0,TWD,https://api.finmindtrade.com/api/v4/data
2376.TW,技嘉,TW,2025-12,monthly,30306210000.0,TWD,https://api.finmindtrade.com/api/v4/data
2377.TW,微星,TW,2025-12,monthly,16864668000.0,TWD,https://api.finmindtrade.com/api/v4/data
2376.TW,技嘉,TW,2026-01,monthly,33118551000.0,TWD,https://api.finmindtrade.com/api/v4/data
2377.TW,微星,TW,2026-01,monthly,22271797000.0,TWD,https://api.finmindtrade.com/api/v4/data
2376.TW,技嘉,TW,2026-02,monthly,32908194000.0,TWD,https://api.finmindtrade.com/api/v4/data
2377.TW,微星,TW,2026-02,monthly,16140711000.0,TWD,https://api.finmindtrade.com/api/v4/data
2376.TW,技嘉,TW,2026-03,monthly,39028800000.0,TWD,https://api.finmindtrade.com/api/v4/data
2377.TW,微星,TW,2026-03,monthly,17844331000.0,TWD,https://api.finmindtrade.com/api/v4/data
AMD,AMD,US,2026-03-28,quarterly,10253000000.0,USD,https://data.sec.gov/api/xbrl/companyfacts/CIK0000002488.json
2376.TW,技嘉,TW,2026-04,monthly,52267730000.0,TWD,https://api.finmindtrade.com/api/v4/data
2377.TW,微星,TW,2026-04,monthly,16358371000.0,TWD,https://api.finmindtrade.com/api/v4/data
2376.TW,技嘉,TW,2026-05,monthly,49053470000.0,TWD,https://api.finmindtrade.com/api/v4/data
2377.TW,微星,TW,2026-05,monthly,15798485000.0,TWD,https://api.finmindtrade.com/api/v4/data
2376.TW,技嘉,TW,2026-06,monthly,42892460000.0,TWD,https://api.finmindtrade.com/api/v4/data
2377.TW,微星,TW,2026-06,monthly,17755864000.0,TWD,https://api.finmindtrade.com/api/v4/data
AMD,AMD,US,2026-06-27,quarterly,11536000000.0,USD,https://data.sec.gov/api/xbrl/companyfacts/CIK0000002488.json
2376.TW,技嘉,TW,2026-07,monthly,44213037000.0,TWD,https://api.finmindtrade.com/api/v4/data
2377.TW,微星,TW,2026-07,monthly,19342388000.0,TWD,https://api.finmindtrade.com/api/v4/data
2376.TW,技嘉,TW,2026-08,monthly,47400848000.0,TWD,https://api.finmindtrade.com/api/v4/data
